id,first_name,last_name,gender,dob,ssn
1,Leena,Bizzey,Female,2018-07-07,390-05-7157
2,Vaughan,Capstick,,1989-10-20,402-99-7921
3,Zorah,Hendrix,,1965-04-18,162-27-9099
4,Lind,Diess,Male,1967-02-07,411-58-7472
5,Pavla,Gatty,Female,2015-06-14,543-49-5027
6,Gabi,O'Hogertie,,1966-06-17,580-61-4027
7,Curtis,Oddboy,Male,2013-02-19,816-85-7754
8,Kiel,Sillars,Male,1985-01-07,353-89-1482
9,Elyssa,Inwood,Female,1978-01-19,724-75-4221
10,Robby,Goulstone,Female,1992-09-04,808-89-3509
11,Clemmy,Rubenchik,Female,1979-06-02,160-37-8020
12,Tye,Abells,Male,1970-06-21,828-26-2764
13,Danielle,Bandy,Female,1971-04-02,240-59-2594
14,Nancee,Thomel,Female,1978-07-24,635-22-6757
15,Germain,Tinsey,Male,1953-12-05,799-38-0675
16,Tann,Kiwitz,Male,2000-10-16,399-07-5054
17,Willey,Morphet,Male,1967-11-05,500-16-0243
18,Darb,Onn,Female,1957-06-07,315-36-4213
19,Austina,Degan,Female,2016-05-20,854-29-3964
20,Hal,Darington,Male,1975-07-22,365-01-9131
21,Helsa,Shearme,Female,1994-05-05,156-29-3477
22,Melloney,Espie,Female,1979-05-15,389-28-0865
23,Mathilda,Vockins,,1994-10-26,370-78-5695
24,Tory,Godly,Female,2009-04-18,806-69-2967
25,Colas,Weinberg,Male,2015-10-01,492-68-8189
26,Steffi,Nunan,Female,1978-06-06,381-25-5243
27,Luciano,Hurich,Male,1952-11-27,212-15-7168
28,Stanislaus,Collier,Male,2008-05-05,245-83-3058
29,Frants,Standingford,Male,1962-04-27,718-73-7701
30,Rhianna,Battman,Female,1964-01-02,854-70-7755
31,Vassily,Ardley,Male,1967-11-17,215-05-7132
32,Vania,Mahomet,Female,1954-07-13,312-79-6680
33,Gabriellia,Stronack,Female,1972-05-22,520-68-1679
34,Shadow,O'Nion,Male,1979-06-24,209-67-6958
35,Venus,Brownell,Female,1978-11-26,817-39-1155
36,Waneta,Ivanin,Female,1977-08-15,100-30-8444
37,Earle,Yakovliv,Male,1965-04-26,595-63-5261
38,Abbye,Baake,Female,1996-03-19,187-88-0710
39,Jermaine,Boor,Male,1975-08-19,510-03-6396
40,Tybalt,Vasenin,Male,1963-07-21,145-27-6245
41,Meara,Reisenberg,Female,1999-07-13,289-53-1795
42,Callie,Dimblebee,,1953-01-02,126-64-7452
43,Ibrahim,Ashplant,Male,1994-12-22,612-73-2190
44,Steward,Leney,Male,2019-06-21,195-14-8411
45,Hillier,Ronisch,Male,2017-08-12,852-54-8189
46,Kaitlyn,Colafate,Female,2009-12-02,579-31-6273
47,Marlow,Iorizzo,Male,1977-11-28,166-32-0720
48,Shanda,Eusden,Female,1987-08-08,360-81-8965
49,Keary,Adair,Male,1954-11-30,283-18-3341
50,Sheri,Skirlin,Female,1971-03-07,578-04-3420
51,Nadine,Cicculini,Female,1975-01-18,473-68-6000
52,Stewart,Olivera,Male,1995-05-31,652-58-6599
53,Bettine,Seres,,1982-10-16,664-71-2622
54,Elene,Cream,Female,2014-05-16,591-64-9695
55,Hubey,Durrad,Male,1959-11-26,178-17-2707
56,Ronni,Solesbury,Female,2013-10-29,871-54-2126
57,Charisse,Blazy,Female,1979-12-18,181-96-2773
58,Kathrine,Shwenn,Female,2018-06-05,333-35-1093
59,Nat,Victory,Male,1996-05-02,456-04-1835
60,Leroy,Koenen,Male,1974-07-20,898-28-4636
61,Tait,Adamowitz,Male,1977-11-25,673-99-3344
62,Levon,Gerhardt,Male,2004-01-06,556-93-3953
63,Keelia,Grzegorzewski,Female,1981-02-10,696-20-8111
64,Ramsey,Sapseed,Male,1986-02-10,859-95-8702
65,Christabel,Celes,Female,2009-10-30,676-79-0297
66,Bone,Blencowe,Male,1950-02-07,534-83-0745
67,Had,Falconer,Male,1994-05-08,673-61-2617
68,Adams,Reddle,Male,2012-03-21,819-04-7731
69,Sergio,Alishoner,Male,1975-09-21,655-60-2887
70,Fleur,Briat,Female,1952-04-03,312-62-3914
71,Uriah,Lethebridge,Male,1990-09-20,375-45-3200
72,Inger,Oglevie,Male,1967-09-28,453-29-4756
73,Ev,Forrest,Male,2004-03-28,180-89-9902
74,Corabelle,Lickorish,Female,2015-12-23,832-98-1853
75,Alanson,Trace,Male,2000-04-08,346-64-1815
76,Shirleen,Kalinsky,Female,1962-10-29,467-27-4325
77,Doralynne,Bridgman,Female,2016-12-06,524-17-9852
78,Clementius,Crumpton,Male,1961-09-10,172-23-1111
79,Ernst,Galliver,Male,1987-09-01,326-95-8260
80,Chrissie,Dickey,,1981-03-15,256-69-5078
81,Elle,Pollins,Female,1974-06-19,833-96-0666
82,Dedie,Mulberry,Female,1966-03-15,185-35-2871
83,Inigo,Hullbrook,Male,1978-07-03,124-70-0418
84,Llywellyn,Rizzi,Male,1981-11-25,180-95-1731
85,Marline,Messier,Female,2009-04-14,238-57-7077
86,Friedrich,Klimus,Male,1982-08-03,204-67-6857
87,Abel,Yearn,Male,1968-04-13,705-34-7677
88,Moyna,Pohlak,Female,1972-07-18,669-51-7355
89,Filbert,Meharg,Male,2013-04-20,318-70-4100
90,Erwin,Sapp,Male,1970-10-25,782-47-6693
91,Tanya,Kobel,,1972-10-18,154-63-7606
92,Jacquie,Fencott,Female,1966-07-26,376-34-5983
93,Rea,Dowson,Female,1996-11-10,448-32-1512
94,Kerwin,Garvin,Male,1959-06-06,490-54-9951
95,Reggi,Bourdis,Female,1955-09-09,865-41-7098
96,Haslett,Faccini,Male,2016-05-21,465-86-1739
97,Toby,Bahlmann,Male,1972-01-17,533-56-8537
98,Martelle,Stainburn,Female,1997-01-31,795-73-9223
99,Noland,Glaum,Male,1956-03-17,702-81-3281
100,Garret,Rodden,Male,1961-04-20,119-25-6997
101,Clovis,Segot,Female,2009-06-29,370-32-9920
102,Helene,Pont,Female,1998-07-15,456-32-6465
103,Matias,Rowe,,1956-02-15,875-93-4762
104,Kathrine,Haselden,Female,2008-06-20,699-14-9303
105,Collen,McGeorge,Female,1974-01-24,436-86-1566
106,Garvin,McInally,Male,1972-05-17,111-11-8869
107,Normand,Holby,Male,2013-11-01,112-81-8893
108,Aileen,Tarrant,Female,1959-04-02,886-07-9886
109,Lusa,Grece,Female,1988-05-20,591-73-8245
110,Lothario,De Morena,Male,1984-09-17,595-20-5478
111,Orelia,Quartermain,,1982-04-25,566-11-4442
112,Lucia,Makin,Female,1976-09-11,803-61-7942
113,Langsdon,Matous,Male,1986-08-27,189-19-2765
114,Skelly,Bartaletti,Male,1980-01-01,128-67-6777
115,Herve,Rene,Male,2020-10-30,822-89-6972
116,Blake,Bridgland,,2005-01-22,492-89-3311
117,Reilly,Jehan,Male,2012-05-01,563-36-4468
118,Cacilie,Gergely,Female,1998-06-20,448-31-5161
119,Lotta,Dinley,Female,1956-07-10,566-19-2727
120,Dicky,Trayford,Male,1962-10-13,658-41-6705
121,Aubert,Mullender,Male,1994-01-26,673-99-6477
122,Halsey,Josowitz,Male,1983-07-19,129-71-2771
123,Jerrilee,Cursey,Female,1992-12-19,670-50-1678
124,Louisa,Barneveld,Female,1989-05-20,792-49-1007
125,Ralph,Staff,Male,2000-04-24,317-76-0699
126,Irma,Thew,Female,2006-01-27,629-32-2980
127,Alana,Swanborrow,,1974-11-26,247-49-3689
128,Dari,Dewdney,Female,1999-06-07,623-87-9991
129,Viole,Licence,Female,1986-07-08,752-61-9971
130,Barron,O'Neal,Male,1995-08-08,317-35-8089
131,Conny,McLewd,Female,1962-07-06,363-70-6145
132,Ganny,Mylchreest,Male,2001-06-27,101-03-8822
133,Tarra,Rafter,Female,1961-07-22,518-14-1341
134,Allyson,Gillies,Female,1950-11-15,554-71-1757
135,Felicia,Baddiley,Female,1978-02-06,422-33-3997
136,Shem,Wilcinskis,Male,2001-01-16,181-69-4153
137,Lilly,Castanaga,Female,1998-04-23,125-16-9493
138,Adrea,Yarr,Female,2019-08-24,304-45-3082
139,Tillie,Mazzia,Female,1953-09-25,691-43-7121
140,Yettie,Mundie,Female,1973-09-27,203-36-0952
141,Matthieu,Balderstone,Male,1982-11-15,873-30-8409
142,Franny,Leebeter,Female,1975-01-02,318-91-2415
143,Natalie,Sidwell,Female,1966-06-18,825-51-7325
144,Caitrin,Slaney,Female,1966-09-24,303-16-0158
145,Archibald,Greggor,Male,1974-11-25,660-19-7970
146,Janeczka,Thrasher,Female,2005-04-24,800-19-5813
147,Malva,Screwton,Female,2009-03-26,261-90-6618
148,Lorene,Tattoo,,1970-03-17,887-34-7109
149,Rolando,Dreye,,1950-02-25,829-95-8844
150,Ursuline,Planks,Female,1996-05-20,335-73-3505
151,Michaella,Hackforth,,2018-09-23,541-12-1232
152,Ariel,Phipps,Male,1974-08-30,396-21-2332
153,Chane,Pridding,Male,2007-12-12,151-07-8077
154,Chancey,Wrack,Male,1982-12-22,425-98-7546
155,Issi,Gwinnell,Female,2020-11-04,428-67-2073
156,Edik,Sreenan,,1998-06-22,442-33-5431
157,Aimil,Francom,Female,1955-09-02,695-63-6363
158,Gerri,Quare,Male,1985-06-15,738-99-8474
159,Wood,Haythorne,Male,1995-04-07,803-38-3867
160,Adela,Statham,Female,1988-07-15,691-73-3464
161,Gawain,Gabey,Male,2009-11-10,571-91-8664
162,Kimberlyn,Andover,Female,1985-12-08,188-39-4690
163,Toiboid,Walkington,Male,1950-03-12,135-81-9437
164,Onfroi,Blemings,Male,1977-09-17,793-74-3364
165,Hildagarde,Ledley,Female,1992-05-18,411-09-3062
166,Sharl,Castane,Female,1996-06-30,466-35-1897
167,Agustin,Igo,Male,1992-04-28,790-60-8724
168,Enrique,McReynolds,Male,1975-12-13,809-22-4886
169,Gustavo,Spat,,1995-11-16,403-43-5619
170,Robinette,Alcido,Female,1991-02-10,720-54-4247
171,Tamra,Trengrove,Female,1959-09-05,253-31-1802
172,Tanya,Chasney,Female,2002-08-06,471-64-6647
173,Tuck,Fenge,Male,1981-11-06,571-67-4616
174,Jasper,Iozefovich,Male,1951-05-03,488-83-1889
175,Odo,Ollis,,1973-08-18,464-03-1319
176,Whitney,Trace,Male,2012-08-06,509-26-9950
177,Archaimbaud,Veck,Male,2019-02-09,178-21-7201
178,Juan,McCanny,,1952-07-26,565-01-9887
179,Robyn,Banghe,Female,1977-02-17,201-89-4330
180,Cross,Fuke,Male,1991-12-03,721-11-2454
181,Amil,De Domenicis,Female,2002-06-13,457-22-1329
182,Waring,Street,Male,2009-01-24,353-81-7183
183,Odelia,Cheke,Female,1981-04-20,696-72-4043
184,Bayard,Silverton,Male,2009-08-11,405-22-7204
185,Lona,Tingley,,1969-12-26,219-09-1637
186,Temp,Biaggioni,Male,1980-05-22,655-42-1895
187,Roseanne,Thurner,Female,1962-01-06,705-02-2811
188,Dun,Roze,Male,1987-05-07,354-34-6450
189,Almeria,Corkish,Female,1965-04-17,115-57-3779
190,Kaitlynn,Littleproud,Female,1999-12-08,620-25-0368
191,Baily,Mokes,Male,1974-02-01,719-20-6462
192,Frankie,Sambell,Male,1970-02-22,440-74-8404
193,Bradley,Wardall,Male,2010-07-21,193-77-8961
194,Mahala,Ranklin,Female,1967-06-21,309-81-6885
195,Anders,Bourbon,Male,1974-06-08,385-19-9217
196,Sydel,Skullet,Female,2014-11-23,357-11-1605
197,Jehu,Fletham,Male,2000-01-25,874-39-4285
198,Tammi,McLaughlin,Female,1955-10-24,580-37-8592
199,Emelita,Rivilis,Female,1995-05-16,582-73-0567
200,Rikki,Kitt,Male,2018-09-18,534-11-9846
201,Linoel,Grinvalds,Male,1954-06-13,763-05-7426
202,Shalna,Jeans,,1952-05-12,213-49-2166
203,Ulrick,McGrill,Male,1993-12-06,481-93-8062
204,Coreen,Fernando,Female,2020-07-26,254-53-7804
205,Carmon,Nerheny,,2002-03-12,696-90-6615
206,Lin,Gudge,Female,2001-08-07,595-63-2630
207,Veda,Comusso,Female,1954-10-29,551-21-8308
208,Fiorenze,Huggin,Female,2005-01-31,498-74-5366
209,Roosevelt,Prott,Male,1955-05-29,363-31-1056
210,Brice,Lafferty,Male,1958-02-09,737-98-5318
211,Bink,Chadband,Male,1992-09-15,190-88-8344
212,Rawley,Spurman,Male,1983-10-16,767-60-6272
213,Domingo,Dullard,Male,1966-08-25,350-02-6313
214,Genia,Kilfeather,Female,1986-12-20,365-06-7724
215,Gawen,Vsanelli,Male,1988-02-15,406-51-7241
216,Elvis,Hurleston,Male,1998-05-26,295-23-0435
217,Michel,Ricardon,,1954-11-20,629-67-4589
218,Pepillo,Urien,Male,1958-05-06,108-97-7078
219,Otes,McDonnell,Male,1965-02-22,295-05-2827
220,Matthew,Coston,Male,1983-03-20,748-11-6264
221,Brigitta,Kittman,,2009-09-01,340-31-8395
222,Archie,Earey,Male,1950-08-23,384-13-6216
223,Valera,Marchington,Female,1977-09-19,686-80-6482
224,Felicio,Garraway,,1970-03-23,103-03-3072
225,Sidonia,Dolbey,Female,1979-09-21,345-59-3388
226,Rubin,Barnfield,Male,1975-02-13,716-02-3013
227,Costa,Stones,Male,2007-08-22,609-98-2157
228,Trudy,Dionisii,Female,2000-12-08,102-23-6765
229,Roley,Spiteri,Male,1987-01-14,563-52-7171
230,Vivi,McNamara,Female,1997-07-20,395-43-2194
231,Leyla,Crayk,,2010-04-22,857-83-8270
232,Elden,Duggen,Male,1955-12-21,293-16-1618
233,Hube,Shelf,Male,1987-06-10,330-86-0493
234,Claudius,Quene,Male,1970-03-22,461-82-9510
235,Mireille,Ricioppo,Female,1993-06-09,853-76-6035
236,Andie,Cady,Male,2003-01-04,399-74-7825
237,Bette-ann,Udie,Female,1952-03-28,450-32-8020
238,Cyril,Ferreira,Male,2012-08-12,505-32-5154
239,Simmonds,Tourot,Male,2007-01-04,312-68-9200
240,Eldin,Fitzsymon,Male,1996-10-05,465-99-5419
241,Ronnie,Elcomb,Female,1963-10-17,893-36-3326
242,Norris,Leebetter,Male,1994-10-02,145-34-1974
243,Nicolette,Fildes,Female,1962-10-17,853-72-2235
244,Micheil,Boliver,Male,2009-08-23,104-74-8430
245,Maisey,Cochrane,Female,1990-07-25,304-40-8954
246,Carney,Gabbot,Male,2020-05-06,351-64-8190
247,Dennet,Turford,Male,1974-05-17,462-36-5208
248,Kissee,Pendred,Female,1960-06-04,689-32-2355
249,Hinze,Geelan,,1979-11-04,607-32-7614
250,Jeanne,Folcarelli,Female,1996-04-02,870-69-4806
251,Gaylor,Bernardez,Male,1954-05-28,656-35-1137
252,Renell,Jakucewicz,,1959-01-18,728-03-2043
253,Henri,Giggie,Male,2003-05-20,420-01-7452
254,Leonidas,Marle,Male,2007-05-18,281-65-8379
255,Happy,Sumpton,Female,1974-03-12,808-47-5019
256,Lowe,Wheatcroft,Male,1988-03-08,692-73-1114
257,Bertram,Cockland,Male,1953-08-11,894-55-5023
258,Vergil,Stelfax,Male,1959-01-26,849-74-3668
259,Hermy,Lissandri,,2011-01-07,691-61-0217
260,Jard,Delhay,Male,1998-04-17,115-61-6693
261,Harman,Medford,Male,2004-10-26,200-33-9078
262,Abbey,Spyer,,2020-08-30,493-63-4762
263,Dina,Donnison,Female,2003-07-21,163-76-5201
264,Rad,Britner,Male,1978-03-19,474-92-2446
265,Alfred,Schoolcroft,Male,1963-07-01,743-68-6562
266,Garret,Pleasaunce,,2007-09-14,206-30-6399
267,Sharline,Bauser,Female,1969-03-12,452-90-2002
268,Law,Ritmeier,,2003-04-22,709-30-6295
269,Braden,Deering,Male,1982-01-24,553-19-0775
270,Neddy,Aldcorne,Male,1998-12-03,237-95-4390
271,Dar,Whitelock,Male,1960-02-04,810-41-4701
272,Duffy,Scholling,Male,1976-11-10,863-02-4261
273,Teddi,Collelton,Female,1990-05-10,617-70-5732
274,Dacie,Robers,Female,1965-12-21,529-87-5775
275,Aurlie,Morican,Female,1990-05-31,762-78-4767
276,Ertha,Deluze,Female,1989-08-01,796-35-5791
277,Clea,Cordaroy,Female,1960-11-10,423-11-8034
278,Candi,Janovsky,Female,2008-12-15,471-36-5543
279,Elinor,Durnell,,2006-10-02,738-65-4830
280,Gilbertine,Dadge,Female,1958-02-01,184-07-8929
281,Maurizio,Dorot,Male,1971-07-28,368-60-8208
282,Rolfe,Oswell,Male,2017-06-24,767-86-4108
283,Aloysius,Alven,Male,1994-10-12,817-47-0314
284,Percival,Tiernan,Male,1996-10-29,655-17-4726
285,Zachariah,Dominichelli,Male,1957-07-14,558-36-5014
286,Jana,Lambert-Ciorwyn,Female,1970-09-29,204-86-8626
287,Tye,Tatam,Male,1973-06-07,783-60-2523
288,Russ,Hadigate,Male,1980-07-11,401-15-4696
289,Jakob,Kelson,Male,1982-08-14,716-22-6526
290,Gypsy,Cullum,Female,2008-05-12,305-81-9646
291,Glenna,Minchinden,,2001-11-15,419-45-9785
292,Cecilla,Spencelayh,Female,1951-04-18,549-84-8577
293,Dee dee,Jellico,Female,2010-04-01,751-11-8572
294,Kerwinn,Whitely,Male,2010-03-01,408-83-8717
295,Lilias,Annott,Female,1999-12-28,676-80-1701
296,Cathrin,Christophle,Female,1998-12-20,555-59-7974
297,Kasper,Claypole,Male,1951-12-16,630-44-5910
298,Kenton,Trowler,,2005-07-27,322-68-9750
299,Martyn,Pickavant,Male,1960-06-28,826-64-7136
300,Berke,Wolters,Male,2015-10-12,392-44-4817
301,Laurel,Middler,Female,2002-03-23,829-08-5757
302,Aeriell,Gentile,Female,1983-11-11,143-13-5944
303,Davin,Idel,,2011-07-29,266-69-7099
304,Zia,Geldart,Female,2008-06-14,821-43-4725
305,Fabe,Inchcomb,Male,1992-02-03,588-91-3165
306,Winnifred,Kenshole,Female,1964-11-14,176-61-9255
307,Elayne,Greiswood,Female,2008-02-21,421-23-9167
308,Alfie,Shiril,Female,1957-09-01,679-09-0235
309,Tilda,Wudeland,Female,1984-01-28,122-59-5756
310,Benny,McGirr,Male,1958-12-26,106-70-8407
311,Dallas,Casely,Female,1986-12-08,622-19-1914
312,Tine,Woolpert,Female,1973-10-21,191-68-5937
313,Cazzie,Leeds,Male,1966-09-24,755-90-5005
314,Lillis,Goodacre,,1987-04-22,899-56-8269
315,Emilee,Gennrich,Female,1973-04-20,488-21-3483
316,Pearline,Sine,Female,1976-04-19,587-07-6502
317,Lib,Mallia,Female,2009-01-10,691-21-9427
318,Rubi,Witsey,Female,1974-10-27,779-73-7484
319,Clemmie,Thursby,Male,1973-10-10,747-79-0666
320,John,Silvester,,1986-09-08,572-06-6804
321,Nevsa,Curreen,Female,2007-02-10,453-47-2148
322,Stillmann,Helmke,,2002-11-03,287-29-5259
323,Linet,Angelo,,2006-02-13,233-20-5179
324,Dora,Basham,Female,1986-02-06,368-94-5711
325,Shalom,Prendergrast,Male,1992-05-05,379-19-6240
326,Camel,Kirvin,Female,2007-11-22,364-63-8532
327,Gabriellia,Ilett,Female,2016-07-08,855-54-5292
328,Amandie,Bilby,Female,1950-11-01,433-67-7382
329,Reagen,MacRedmond,Male,1999-11-29,584-43-9011
330,Brodie,Berrycloth,Male,2008-05-23,330-37-9048
331,Loralee,Canelas,Female,1950-09-07,374-61-4680
332,Del,Treece,Female,1952-02-02,370-83-7783
333,Bronson,Athersmith,Male,1965-02-14,344-91-6632
334,Beatrisa,Longdon,Female,2011-11-20,717-01-7444
335,Abdel,Turney,Male,1977-07-17,436-63-2032
336,Danya,Chazelas,Male,1973-10-27,817-78-7607
337,Harbert,Belchambers,Male,2008-08-15,630-68-6438
338,Brant,Rotter,Male,1990-02-01,375-04-5237
339,Pryce,Suter,Male,1955-12-01,390-69-8600
340,Sybila,Wragg,Female,1965-10-29,870-80-9793
341,Vevay,Udy,Female,1974-02-13,140-34-8815
342,Jolene,Castagneto,Female,1996-09-09,571-57-6329
343,Grange,Kemball,,2014-11-04,382-73-2566
344,Tiena,Haydn,Female,1962-06-15,118-22-2269
345,Valentine,Marunchak,Female,1999-02-18,353-80-5089
346,Athene,Bowen,Female,1960-04-26,618-40-4766
347,Terrance,Igoe,Male,1990-08-08,136-54-3476
348,Ennis,Yapp,Male,1964-05-30,182-39-3340
349,Patty,Phillot,,1992-09-12,528-95-6773
350,Rollin,Rosingdall,Male,1991-04-13,579-18-0845
351,Selby,Simonato,Male,1975-07-27,765-75-1460
352,Isidore,Barajas,Male,1978-08-24,276-98-1177
353,Ambros,Faloon,Male,1960-02-05,810-83-5583
354,Bradney,Ioan,Male,1992-10-01,651-69-2492
355,Keir,Matuszinski,,1954-01-05,677-37-5292
356,Brit,Davis,Male,1962-11-28,194-75-3894
357,Tana,Feak,Female,1970-07-12,745-36-1725
358,Caresse,Chaffe,Female,2013-08-12,277-88-8429
359,Yehudit,Aris,,2015-09-01,545-16-4404
360,Lisha,Lempel,,1975-06-08,385-86-2147
361,Padget,Noor,Male,1987-05-16,125-53-0969
362,Kaia,Agirre,Female,1964-12-26,478-97-3059
363,Gilligan,Gymblett,,2012-05-06,493-72-3379
364,Brook,Cudbertson,Male,1955-08-18,767-59-3975
365,Ethan,Bailles,Male,1958-06-27,450-75-7711
366,Tadio,Zecchetti,Male,2012-12-11,547-40-4579
367,Emile,Layson,,1994-06-06,156-50-1898
368,Rahal,Salthouse,Female,2013-11-17,445-62-8356
369,Magdaia,Blowfield,,2010-04-19,663-61-3800
370,Steffen,Ghidelli,Male,2019-11-10,482-23-9239
371,Aviva,Sheridan,Female,1993-11-29,850-87-3701
372,Tammie,Halegarth,,1978-07-19,770-32-7381
373,Karrah,Ather,Female,1998-08-15,473-26-5214
374,Teador,Dinsell,Male,1964-02-29,881-67-6980
375,Stefanie,Pickervance,Female,1982-09-06,380-22-8698
376,Delilah,Rames,Female,1998-11-25,444-76-6852
377,Nye,Jendas,Male,1965-06-25,119-17-8973
378,Melisandra,Nary,Female,1980-07-28,503-54-5821
379,Dasha,Hallewell,Female,2016-08-08,787-69-5136
380,Bernie,Le Quesne,Female,1961-11-30,587-20-3011
381,Gwenette,Garforth,Female,1979-07-12,695-35-9898
382,Orlan,Laviste,,2006-02-19,255-70-8869
383,Dolf,Gipp,Male,1952-08-21,793-27-5954
384,Flossie,Quadri,Female,1998-09-21,723-19-5973
385,Slade,Leschelle,Male,2017-10-12,481-17-8265
386,Atalanta,Raggitt,Female,2014-06-26,816-97-8926
387,Wilma,Claeskens,Female,1995-04-24,353-48-3886
388,Jaymee,Lefley,Female,2011-07-12,776-41-3161
389,Torie,Commins,,1968-12-05,691-46-3794
390,Marielle,Scanderet,Female,1983-07-07,678-44-4320
391,Georgie,MacKey,Female,1954-02-03,436-37-1175
392,Bar,Boost,Male,2010-10-25,136-07-7663
393,Blaine,Boyne,Male,1968-01-07,745-55-8651
394,Kary,Linfield,Female,1979-01-17,565-63-1416
395,Renault,Earry,Male,1993-10-11,534-58-3058
396,Lissy,Liddall,Female,1989-02-06,116-85-3249
397,Dominique,Halworth,Female,1968-02-22,707-02-7486
398,Jacky,Goodbourn,,1954-05-26,282-16-4044
399,Nicky,Smouten,Female,1956-12-29,263-97-8560
400,Eolanda,Toffoletto,Female,2008-12-08,151-89-5843
401,Tanner,MacGille,Male,1987-07-12,266-43-2317
402,Abdul,Batten,Male,2012-05-16,763-92-2190
403,Selig,Dancy,Male,2013-05-17,450-07-3693
404,Frieda,Gilhoolie,Female,1987-05-13,324-46-1960
405,Ephrayim,Bendig,Male,1968-01-26,887-20-5174
406,Issy,Stiddard,Female,1992-12-26,435-20-1845
407,Brendis,Hallut,,1963-07-19,277-57-0315
408,Clem,Brickwood,Female,1996-10-30,838-59-1040
409,Lynn,Fozzard,Female,1988-01-23,773-17-7071
410,Adara,Wackly,,1970-08-11,449-81-2497
411,Broderick,Coxall,Male,1951-05-11,747-90-1450
412,Sarina,Longworth,Female,2009-01-22,459-48-6721
413,Orelle,Weir,Female,1978-12-31,877-79-1954
414,Alysa,Seamark,Female,1991-05-31,128-25-5418
415,Lawton,Bleiman,Male,2006-06-19,481-42-9181
416,Glenden,Douberday,Male,1978-07-08,131-68-5703
417,Oliy,Caldicott,Female,1999-02-06,760-63-8187
418,Kele,Lammin,Male,1976-05-28,256-87-3987
419,Felipe,Dumphry,,1990-08-14,130-45-8273
420,Ofilia,Knuckles,Female,1957-03-18,786-30-4571
421,Janna,Coppo,Female,2005-09-04,812-66-0879
422,Benedetto,Dovington,Male,2019-12-15,413-28-0463
423,Tessy,Valens-Smith,Female,1967-08-13,574-99-6549
424,Daphene,Rendle,Female,1996-06-12,679-85-9251
425,Martina,Farrington,Female,1974-01-08,284-94-1079
426,Emelyne,Zecchinelli,Female,1974-08-23,214-17-1651
427,Cleon,Cootes,Male,1974-08-04,246-86-4924
428,Dov,Stebbing,Male,1955-09-17,319-27-9548
429,Raynor,Lambe,,1952-01-02,112-18-7956
430,Bart,Godfery,Male,1996-11-06,323-35-6645
431,Fanny,Perrat,Female,1970-09-22,167-78-1534
432,Hurlee,Denniston,Male,2002-07-13,436-95-4618
433,Tedmund,Doucette,,1953-01-23,126-79-4775
434,Winston,Athey,Male,1999-05-24,399-02-2387
435,Joel,Crosseland,Male,1954-07-29,423-76-3094
436,Colly,Henrot,Female,2000-05-09,866-28-4703
437,Berny,Missen,Female,2020-09-09,456-41-6420
438,Emmett,Whitney,Male,2003-10-28,636-57-9963
439,Dianemarie,Readshaw,Female,1975-12-16,176-43-1013
440,Gradeigh,Whatford,Male,1954-12-19,177-61-6806
441,Wells,Ackroyd,,2010-12-18,693-01-6828
442,Jorry,Wrigley,Female,2010-09-09,174-85-7832
443,Lenard,Sharer,Male,1959-08-06,754-28-3973
444,Gardner,Tromans,Male,1971-08-24,681-02-1684
445,Jacintha,Ezzy,Female,2017-07-16,744-48-4794
446,Yovonnda,Meeland,,1979-03-12,552-46-7214
447,Lammond,Sponer,Male,1975-06-11,855-66-1209
448,Dilan,Dight,Male,2020-01-02,526-20-6045
449,Lucia,Whistlecroft,Female,1982-05-26,814-32-1654
450,Wainwright,Orrey,Male,1965-05-30,643-44-9195
451,Beauregard,Ickeringill,Male,1999-11-06,876-07-8040
452,Jdavie,Wallington,Male,1974-09-19,886-22-5588
453,Celestyna,Cossell,Female,1951-02-07,452-68-7709
454,Lee,Chotty,,1965-09-05,172-44-4356
455,Adair,Kemmer,Male,1975-06-29,756-48-1335
456,Olenka,Duddy,Female,1959-08-03,661-90-6314
457,Mycah,Mallabund,Male,1994-08-26,853-47-5261
458,Shermie,Stoppard,Male,1996-06-11,179-54-3336
459,Ursa,Muslim,Female,1969-10-15,329-45-9637
460,Barde,Longworth,,2018-01-21,223-27-6375
461,Crosby,Ondrusek,Male,1994-06-21,609-17-9879
462,Grady,Reddel,Male,1994-11-15,650-25-7705
463,Karlee,Sarjent,Female,1998-04-23,899-05-2674
464,Arron,Elnaugh,Male,2002-08-19,498-44-3996
465,Bentley,Jeffes,Male,1978-06-06,827-97-0239
466,Malanie,Louedey,Female,1970-02-05,147-65-0642
467,Tom,McIlveen,Male,2000-09-10,346-47-7078
468,Rudie,Clarke-Williams,Male,2005-11-11,263-36-7158
469,Roldan,Lattimore,Male,2001-12-16,489-21-5172
470,Candice,Rains,Female,2020-05-29,723-44-6732
471,Reinaldo,Keningham,Male,1964-01-07,536-67-5771
472,Demeter,Grabbam,Female,1986-12-19,292-09-5323
473,Nerti,Fairest,Female,2013-07-10,606-16-2833
474,Aurthur,Aers,Male,1973-09-09,899-76-1892
475,Dorotea,Hains,Female,2012-07-29,802-93-1926
476,Stearn,Chesshire,Male,1993-01-19,896-71-2771
477,Patience,Hynson,Female,1982-11-05,280-41-1800
478,Fionnula,Cheson,Female,1967-07-20,403-17-8439
479,Cassandre,McOwen,Female,2012-08-28,322-19-0046
480,Dorita,Swinnerton,,1952-05-01,781-68-1308
481,Bernita,Btham,Female,1950-02-24,378-04-4031
482,Marjy,Poone,Female,1971-04-26,783-01-2963
483,Jenica,Ormston,Female,2000-10-10,879-40-8865
484,Damita,Colombier,Female,2014-03-09,468-74-2213
485,Devy,Weth,,1950-12-02,473-35-2199
486,Oswell,Flacknell,Male,1986-05-14,308-45-0976
487,Shepherd,Millea,Male,1967-07-13,372-01-5178
488,Sandye,Pullan,Female,1983-07-22,879-75-5534
489,Dolly,Bamber,Female,1966-10-13,413-73-1221
490,Roddie,Jacquemy,Male,1969-02-28,338-44-6879
491,Zebulen,Joe,Male,2005-09-02,529-34-6882
492,Janot,Dobing,Female,1997-12-26,367-74-5882
493,Gabbi,Bradd,Female,2016-02-16,465-01-6634
494,Renae,Oxenford,Female,2018-12-19,429-60-7212
495,Fan,Maile,Female,1995-11-12,715-60-2373
496,Filmore,Hamber,,1985-11-13,116-85-2403
497,Cleavland,Helgass,Male,2008-11-06,778-26-1620
498,Barrie,Thon,Female,1996-02-11,639-95-9623
499,Dirk,Lohan,Male,2006-12-06,440-30-4373
500,Eduardo,Neilly,Male,1984-04-04,862-85-4373
501,Hale,Tricker,Male,1952-05-02,319-09-8196
502,Frasquito,Swainger,Male,1998-07-04,569-33-3944
503,Anet,Plomer,Female,1976-05-04,278-63-0572
504,Alasteir,Featherstonhaugh,Male,1968-05-21,355-11-4330
505,Margarette,Hinken,Female,1996-06-19,500-05-5714
506,Harper,Lawling,Male,1964-12-22,207-37-6107
507,Yetty,Ould,Female,1990-07-28,264-65-8216
508,Yolane,Charnock,Female,1974-09-25,752-38-3286
509,Niall,Renwick,Male,2012-05-25,490-38-7819
510,Trescha,Berceros,Female,2010-05-24,418-82-2768
511,Adan,Claige,Female,1992-05-21,721-02-2429
512,Caresa,De Haven,Female,1976-03-13,512-21-5241
513,Sigismond,Dorey,Male,2018-05-03,381-79-2580
514,Kelsey,Moye,Female,2001-04-22,408-43-6593
515,Lorrin,Jancik,Female,2000-07-31,163-98-6091
516,Andrus,Prestney,Male,1995-03-04,288-91-4526
517,Roseann,Ciccerale,Female,1957-11-08,177-56-0371
518,Kahaleel,Shapera,Male,1974-01-23,177-81-5479
519,Elizabet,Perton,,1951-09-19,698-57-7391
520,Malena,Haquin,Female,1980-05-20,349-09-4732
521,Baxie,Giacoppo,,1978-09-27,235-63-0671
522,Sully,Suddell,Male,1993-05-10,500-68-4152
523,Felic,Spon,Male,1967-12-06,283-56-6672
524,Lyon,Bromwich,Male,1966-09-04,399-49-5320
525,Merralee,Gisbourn,Female,2010-01-01,112-90-1855
526,Jyoti,Kyllford,Female,2002-08-15,727-57-2294
527,Vittoria,Chue,Female,1994-09-11,761-07-7806
528,Roxie,Duesberry,Female,2007-04-14,120-32-6558
529,Salem,Mac,Male,1999-09-12,882-35-3528
530,Shirley,Grantham,Female,1950-12-03,367-56-2567
531,Alf,Bouldstridge,Male,1994-07-10,383-38-1015
532,Celle,Cuerdale,,1964-08-14,103-54-1868
533,Shermie,Romaint,Male,1991-04-27,606-35-9952
534,Barrett,Crosher,Male,1993-09-02,316-74-5011
535,Marjory,Kowalik,Female,1951-07-25,242-84-5457
536,Raynard,Cawood,Male,1984-06-17,854-76-7069
537,Archie,Dall,Male,2008-12-27,588-51-2105
538,Cchaddie,Johnikin,Male,1996-04-27,145-16-5534
539,Zacharie,Harcombe,Male,1956-02-21,213-03-0480
540,Brent,Keme,Male,1990-01-04,851-26-0251
541,Philis,Loton,Female,1972-11-22,249-54-5275
542,Markus,Hardington,Male,1995-04-25,899-93-0656
543,Adriano,Dobbins,Male,1980-08-26,344-92-7882
544,Jerrie,Teasdale,Male,2004-01-25,876-48-0119
545,Karola,Jinkins,Female,1975-02-10,496-75-0740
546,Querida,Weymont,Female,1963-11-09,369-14-6950
547,Marianne,Redshaw,Female,2004-09-20,530-36-4046
548,Kala,Dewi,,2020-12-12,475-59-3758
549,Margaret,Jerson,Female,1963-10-10,132-86-9328
550,Coreen,Stelfox,Female,1965-05-28,232-26-6126
551,Costanza,Puttock,,1964-05-16,261-09-1772
552,Pierce,Brownsall,Male,2009-08-14,784-76-4245
553,Ellswerth,Mulryan,Male,1964-04-04,861-23-9805
554,Constancia,Randle,Female,2016-09-21,216-74-1995
555,Marshal,Bresnahan,Male,1988-07-02,586-35-6681
556,Fina,Stearnes,,2007-10-10,258-30-5009
557,Cynde,Fink,,1956-09-06,885-03-2369
558,Joellyn,Ormrod,Female,1974-12-24,327-71-8677
559,Catriona,Ferguson,Female,2019-06-04,688-89-3753
560,Tabbatha,Talby,Female,1975-07-28,618-78-2482
561,Josephina,Forson,,2000-03-25,687-08-8998
562,Gael,Landells,Male,2009-10-24,607-50-1701
563,Randie,Churly,Female,1954-03-07,445-30-6551
564,Jodee,Carmo,Female,1964-06-21,348-45-2758
565,Jan,Hinkens,Female,2002-06-17,720-89-8298
566,Sebastiano,Blacker,Male,1954-12-27,235-41-8718
567,Derk,Perkis,,2017-09-11,298-22-3341
568,Engelbert,MacComiskey,Male,1950-10-24,228-47-6319
569,Shaun,Hebden,Male,2013-08-09,104-86-0940
570,Ninetta,Acosta,Female,2002-02-09,143-18-4188
571,Ethelred,Greader,Male,2008-09-05,614-39-6683
572,Karleen,Gilardi,Female,1973-06-26,603-70-1761
573,Delmore,O'Malley,Male,2014-06-13,521-81-1762
574,Creighton,Leathes,Male,1973-05-25,797-06-4593
575,Halsy,Stratten,Male,1982-12-29,604-09-3533
576,Jacquetta,Sprouls,Female,2015-12-11,841-54-8894
577,Wilona,Pawelczyk,Female,1985-02-24,829-92-0428
578,Reta,Wynrahame,Female,1968-04-29,378-33-3397
579,Amalita,Lanham,,1964-01-10,519-87-4677
580,Cecilio,Iltchev,Male,1993-07-21,737-31-5317
581,Christen,Shord,Female,2016-08-30,454-25-2936
582,Annadiana,Shute,Female,1950-03-10,862-38-7002
583,Linus,Edmeades,Male,1967-06-21,807-74-1761
584,Shea,Gwillim,Female,1997-11-18,135-13-5907
585,Nevin,Capponeer,Male,1973-12-07,101-44-6112
586,Liuka,Kerkham,Female,2008-02-03,532-01-7120
587,Damaris,Breakey,Female,1984-08-06,297-43-9147
588,Karlen,Chattoe,Female,2010-12-07,481-75-4884
589,Ranee,MacPherson,Female,1983-08-09,579-85-9477
590,Darlleen,Over,Female,1961-04-16,660-66-2410
591,Clemente,Dudenie,,1959-12-13,589-24-4637
592,Lothario,Gregersen,Male,2016-07-10,564-47-0923
593,Shelia,Dinsdale,Female,1977-07-29,434-67-7316
594,Raynard,O'Hearn,,1967-11-03,493-44-5652
595,Ephraim,Honatsch,Male,1997-09-08,808-54-7233
596,Sibella,Brewett,Female,1990-10-24,537-65-0953
597,Timotheus,Chalcroft,Male,1996-12-12,714-52-2756
598,Shir,Duran,,1982-01-29,687-27-3353
599,Almeda,Nozzolinii,Female,2011-09-10,526-03-4057
600,Cozmo,Dine-Hart,Male,1998-01-22,660-28-0001
601,Bil,Leates,Male,1975-01-14,478-69-6454
602,Francyne,Gellion,Female,1990-08-07,459-65-7928
603,Alf,Amer,Male,1964-10-05,567-21-7176
604,Emile,Rickson,Male,1986-06-20,109-75-0616
605,Godwin,Yellowlea,Male,1973-05-05,477-04-6013
606,Octavia,Dering,Female,1996-03-28,394-84-1741
607,Mitchel,Upton,Male,2020-09-30,514-70-7212
608,Koral,Fealty,Female,1971-10-14,813-47-9620
609,Cordie,Wisam,Female,2020-12-11,202-83-8696
610,Richardo,Fake,Male,1976-11-16,281-99-9682
611,Cheslie,Rainford,Female,1966-01-05,809-11-4302
612,Flint,Rieger,Male,1993-09-04,290-85-7318
613,Hortense,Lochead,Female,1957-05-09,625-32-8570
614,Marja,Eveling,Female,1994-03-25,323-19-6034
615,Billi,Geake,,2020-10-25,735-07-2373
616,Anabel,Colwill,Female,1978-03-18,748-15-5749
617,Tremaine,Revely,,1962-12-17,245-30-2052
618,Wilt,Malyan,Male,1960-07-22,637-37-7315
619,Silvanus,Joanic,Male,1999-07-02,845-45-4425
620,Reeba,Grigolon,Female,2008-02-16,438-56-6296
621,Myra,Filipovic,,2016-12-02,769-58-2483
622,Kendall,Clarson,Male,2016-09-24,147-98-7733
623,Sloan,Kindon,Male,2015-07-17,217-02-2211
624,Kaitlynn,Southway,,1992-07-14,436-43-7141
625,Joelynn,Bedham,Female,1996-10-17,655-24-9336
626,Stanfield,Cicullo,Male,1981-01-11,435-62-4250
627,Kati,Aukland,Female,2009-03-12,620-52-8157
628,Cordelie,Fermor,Female,1989-03-16,423-02-4810
629,Truman,Wayvill,Male,1991-06-13,344-06-9059
630,Thomasin,Bruneau,,2012-12-07,806-85-8825
631,Miquela,Neljes,Female,1989-11-09,152-12-6331
632,Skylar,Jobe,Male,1985-08-31,233-39-0077
633,Gary,Edlin,Male,1984-07-16,310-48-0615
634,Gilberte,Halladey,Female,1976-02-15,769-71-0817
635,Yulma,Talloe,Male,1971-05-04,204-63-2113
636,Randy,Andreix,Male,2002-06-15,211-98-7872
637,Adel,Rubertis,Female,2000-02-29,332-53-4315
638,Benedikt,Brende,Male,1984-03-14,656-25-1264
639,Kellby,Chirm,Male,1982-12-28,640-30-5385
640,Elfie,Doughton,Female,1988-12-16,880-15-5667
641,Viole,Morit,Female,1993-05-31,805-07-5772
642,Iorgos,Gonsalvo,Male,1960-03-17,829-75-6926
643,Leese,Minors,Female,1999-02-26,588-04-1481
644,Manfred,Urian,Male,2015-04-14,652-83-0654
645,Jasun,Wolffers,Male,1987-01-15,547-85-4489
646,Opalina,Bollam,Female,1990-10-08,870-31-7047
647,Alberta,Childerhouse,Female,2020-01-11,864-28-1754
648,Justus,Le Page,Male,1969-07-04,164-60-3033
649,Woody,Enocksson,Male,1954-10-30,466-37-4288
650,Brande,Sewell,Female,1957-09-04,105-57-3101
651,Johan,Arthey,Male,1973-12-19,294-41-9532
652,Temp,Burgoine,Male,1986-03-08,248-15-9178
653,Terrijo,Hayter,Female,1961-03-04,695-67-0016
654,Ly,Paunsford,Male,2007-02-10,446-19-7309
655,Elisa,Madden,,2018-02-15,188-40-0098
656,Syd,Lilloe,Male,2010-12-08,839-83-9954
657,Antony,Gotling,,1952-12-20,635-56-3097
658,Michaelina,Woolard,Female,1966-09-17,141-55-9033
659,Penrod,Cancelier,Male,1953-08-04,550-12-3232
660,Federico,Wellstead,Male,1977-04-06,564-89-9260
661,Reamonn,McGilvray,Male,1987-10-18,388-77-8894
662,Hallsy,Souness,Male,1980-08-01,125-80-5789
663,Bryanty,Fender,Male,1962-09-28,866-69-5593
664,Ethel,Ruckman,Female,1986-03-12,698-46-6413
665,Allard,Dat,Male,1999-04-11,599-95-2166
666,Carny,Canet,Male,1970-07-23,684-11-2059
667,Jammie,Chasson,Female,1982-08-06,347-38-3988
668,Tally,Illingworth,Female,1999-11-01,198-47-3564
669,Dew,Tonepohl,Male,1988-05-13,129-60-7283
670,Freddi,Brailsford,Female,1983-11-09,789-02-3835
671,Nikos,Franchioni,Male,2017-10-26,560-98-1627
672,Sashenka,Martini,Female,2009-02-08,219-34-4007
673,Lenna,Normanville,Female,1957-04-21,419-42-3311
674,Lynde,Gheeraert,,2011-05-20,138-35-1492
675,Nicholle,Albert,Female,2004-11-16,567-37-7766
676,Giusto,Penn,Male,1976-06-05,569-16-8933
677,Lyda,Gland,Female,1953-06-19,687-46-9329
678,Mic,Mattioni,Male,1977-10-16,460-27-1325
679,Clarie,Casone,Female,2015-04-16,868-26-3305
680,Lonnie,Morfield,Male,1954-01-13,557-14-5500
681,Marijo,Rylatt,,1994-09-09,713-59-1414
682,Geri,Cannan,Male,2020-10-16,452-69-5605
683,Ramsay,Chipp,Male,2006-05-12,403-55-2697
684,Jose,Gasgarth,Male,2004-03-16,647-62-6152
685,Cobbie,MacAnellye,,1966-10-13,888-80-5394
686,Jesselyn,Baiss,Female,1984-09-13,743-59-8099
687,Addia,Girth,Female,1958-01-29,894-84-0931
688,Tommie,Lethem,Male,1969-09-10,181-49-9048
689,Gabi,Blaxley,Female,1999-12-03,632-77-5959
690,Ellis,McClay,Male,1966-01-04,374-14-5530
691,Donn,Wilce,Male,1953-05-26,261-38-2378
692,Maure,McDarmid,Female,1966-05-21,455-44-0370
693,Dorene,Delacroix,Female,1954-04-04,196-50-1789
694,Stacee,Batchelour,Male,1951-06-04,738-76-9027
695,Kaiser,Grigorushkin,Male,1974-07-23,619-89-9769
696,Gregorio,Apfelmann,Male,2002-11-10,504-82-5556
697,Rowland,Guinan,Male,1987-05-03,420-73-3234
698,Stanislas,Grisdale,Male,1995-03-06,669-54-4882
699,Dermot,Casiroli,Male,2009-01-23,800-20-2962
700,Christophe,Drinan,Male,2012-08-05,283-45-8674
701,Raimundo,Bernhardsson,Male,2011-07-23,464-02-2084
702,Tasia,Splain,,1968-06-25,302-71-9077
703,Roxie,Escale,Female,2014-08-23,165-51-5304
704,Stormie,Florey,Female,1957-07-16,438-88-4257
705,Valerie,Acosta,,2002-06-24,419-13-6219
706,Tobe,Philcock,,1955-08-21,703-86-8164
707,Tim,Waghorne,Male,1971-01-19,219-18-7101
708,Charissa,Walshaw,Female,2015-02-21,442-26-0595
709,Roth,Melledy,Male,2007-02-02,555-08-8056
710,Mora,Woollons,Female,1996-05-05,508-06-8163
711,Carolee,Blodgetts,Female,2007-03-11,720-94-7464
712,Theo,Clingan,Female,2002-10-05,549-79-6623
713,Karlee,McAsgill,Female,1971-12-26,750-92-2645
714,Amelita,Hawksworth,Female,1957-06-02,693-06-5918
715,Lorinda,Gages,Female,1967-06-07,222-04-0874
716,Meredithe,Cristol,Female,2012-01-07,650-82-1953
717,Laughton,Mathivon,Male,2011-11-02,580-02-4643
718,Florentia,Ranyell,Female,1973-05-09,468-14-4787
719,Ring,Print,Male,1966-09-06,600-76-7093
720,Thedrick,Di Roberto,Male,2017-07-01,398-41-3494
721,Colline,Attac,Female,1973-08-01,486-11-7825
722,Ted,Blew,Female,2007-04-26,811-03-0698
723,Avictor,Du Plantier,Male,1952-05-23,596-24-1328
724,Stevie,Druhan,,1978-05-14,504-63-0295
725,Kristyn,Loughrey,Female,2018-02-23,842-77-8543
726,Dilan,Callway,Male,1983-03-14,332-25-2081
727,Wyatan,Davidou,Male,1970-12-07,855-92-5877
728,Dwayne,Dowey,Male,2016-06-29,484-49-5789
729,Wilburt,Bordone,Male,2011-01-21,873-02-5402
730,Lane,Coulling,Female,1998-03-24,589-79-5704
731,Maureene,Learie,Female,2019-02-04,203-02-7047
732,Anjela,Shingler,,2015-08-28,409-92-6561
733,Cirstoforo,Carnegie,,1992-11-22,895-06-9322
734,Ailey,Dockwray,Female,1952-06-09,226-78-6812
735,Barbara-anne,Hyndley,,2015-12-26,159-77-9173
736,Ashien,Quiney,Female,2007-04-07,586-64-6953
737,Elena,Sullivan,Female,2013-07-20,345-76-5752
738,Ermin,Jakubovitch,Male,1990-02-03,376-04-0351
739,Kingsley,Melliard,Male,2017-12-16,396-78-7204
740,Archibald,Millott,Male,2019-01-26,623-16-5960
741,Feliks,Brookz,Male,1967-09-16,174-33-6998
742,Julina,Brymner,Female,1995-10-02,278-90-5669
743,Ernestine,Teas,Female,1972-01-29,640-06-1264
744,Ansley,Kleinholz,Female,2013-10-02,615-22-4544
745,Michel,MacKain,Male,2001-01-26,703-83-5228
746,Angy,Owers,,1997-01-07,438-67-7331
747,Maynard,Stemp,Male,1963-06-12,856-91-6818
748,Nowell,Elsip,Male,1983-05-25,200-03-0949
749,Willow,Masserel,Female,2019-07-19,653-88-7693
750,Skipton,Golborne,Male,1975-03-05,328-96-0091
751,Chantalle,Van der Baaren,Female,2002-11-27,208-45-9010
752,Sile,Warlock,Female,1974-08-30,238-51-9485
753,Marijn,Kilmartin,,1985-06-03,233-70-5517
754,Maryjo,Hemphrey,Female,1963-10-01,588-15-5245
755,Ripley,Arnaldi,Male,1995-02-24,345-41-2959
756,Myca,Fausset,Male,2016-10-29,242-92-1216
757,Les,Weins,Male,2009-11-11,795-80-4324
758,Tabbi,Picken,,1990-02-15,352-55-4140
759,Sheelagh,Hardwin,Female,1951-01-23,897-03-8455
760,Cam,McQuade,Male,1968-10-26,734-84-9934
761,Louella,Shawcroft,,2009-03-08,885-11-1363
762,Lemmie,Wilde,Male,2010-06-07,783-07-4705
763,Fiann,Algeo,Female,1990-08-28,808-51-6102
764,Wald,Barwood,Male,2019-12-24,190-73-2124
765,Sergeant,Lampet,Male,2002-03-16,447-02-9626
766,Bambie,Hughs,Female,2017-06-26,850-05-5254
767,Olive,Sprott,Female,1983-06-13,105-92-6979
768,Kristy,Fosserd,Female,2018-02-07,807-55-0627
769,Skelly,McGlynn,Male,1964-08-25,500-73-8725
770,Tanya,Pinnick,Female,1976-07-04,845-83-7821
771,Austin,Rippin,Male,2012-11-30,223-31-4843
772,Aloise,Svanini,,1984-02-14,499-25-1283
773,Melantha,Ferri,Female,2010-01-17,480-97-2964
774,Francisco,Yggo,,1983-11-02,716-99-2130
775,Walden,Welsby,,2013-03-02,512-44-7089
776,Raynell,Hancell,Female,1982-03-22,572-78-5220
777,Tome,Hars,,1962-02-01,585-86-2048
778,Terrie,Owain,Female,2011-02-13,138-54-3345
779,Elset,Doret,Female,1989-02-05,189-40-4745
780,Wallie,Gorst,,1961-06-27,772-43-7275
781,Tremayne,Coathup,Male,1950-01-31,231-26-9728
782,Stacy,Brech,Male,1956-07-09,817-57-3375
783,Mortie,Fear,Male,2018-06-17,815-81-1602
784,Lucy,Swettenham,Female,2012-02-25,460-90-1291
785,Killian,Meadows,Male,1995-04-16,149-28-5198
786,Rad,Chad,Male,1964-07-01,770-22-7368
787,Leda,Merle,Female,1975-12-21,379-07-3322
788,Niki,Crossfield,,1959-06-02,728-63-5260
789,Walsh,Demeza,Male,1963-02-12,685-96-8424
790,Orv,Meeland,Male,1995-12-27,317-72-8144
791,Mae,Kinker,Female,1955-09-27,714-80-1730
792,Cad,Sterzaker,Male,1986-09-04,504-06-4755
793,Elianore,Sor,,1985-10-29,577-97-1723
794,Benedikta,McGaugie,Female,2003-06-28,313-32-4570
795,Brandais,McCallam,Female,1968-03-23,496-88-6772
796,Angeli,Trillow,Male,1960-01-28,849-28-8164
797,Vale,Eggleston,Male,1952-08-08,432-88-5718
798,Lee,Cartmale,Male,1970-01-02,230-59-8406
799,Hilliary,Sommerlin,Female,1983-04-01,275-60-7336
800,Artemis,Element,Male,2018-01-26,650-79-3962
801,Barnie,Ubsdell,Male,1957-11-23,135-42-5752
802,Lucie,Juster,,1999-05-03,670-47-9708
803,Alfi,MacKeague,Female,1952-10-31,676-17-1817
804,Abdul,Rhydderch,,1994-07-28,677-49-1399
805,Wendell,Pettingall,Male,1961-05-09,360-44-3228
806,Analiese,Searston,Female,1991-03-05,129-25-5905
807,Mercedes,Duferie,Female,2016-07-17,555-36-0825
808,Aldon,Pavlovic,Male,1981-08-06,735-16-6832
809,Wyn,Burlay,Male,2017-06-15,120-45-5551
810,Pier,Chooter,Female,1961-07-31,732-12-3019
811,Clarey,Arnao,,1988-04-02,577-63-5369
812,Reube,Maes,Male,1961-06-17,304-83-6666
813,Ellie,Varnham,Female,1959-09-14,554-69-8938
814,Nerti,Anthon,Female,1962-04-12,417-43-6134
815,Ferne,Aucutt,Female,1973-07-23,789-67-2373
816,Theo,Gateley,Female,1963-01-12,665-64-9536
817,Decca,Bayly,Male,1955-05-30,608-67-2349
818,King,Entwhistle,,1950-09-14,577-24-6647
819,Terrence,Gaylard,Male,1959-09-01,513-97-1485
820,Aland,Bream,Male,1969-07-09,657-39-4085
821,Aggie,Kurt,Female,2005-04-12,264-27-1503
822,Bridgette,Middleton,Female,1955-03-24,278-91-7599
823,Larina,Strattan,Female,1966-08-03,665-06-3938
824,Lesya,Attewill,Female,2002-04-03,760-57-8430
825,Cole,Wegenen,Male,1973-12-31,590-84-6321
826,Leoline,Reichelt,Female,1978-01-09,308-93-2778
827,Amii,Schorah,Female,1982-05-22,434-78-4411
828,Hermione,Puckinghorne,,2012-06-27,600-64-0989
829,Yanaton,Jessett,Male,2002-04-04,529-29-7203
830,Alejandrina,Ricks,Female,2020-11-02,390-90-1142
831,Yovonnda,Nicholas,Female,1984-10-20,895-93-0463
832,Nikolaos,Obern,Male,1970-08-09,850-50-6248
833,Veronike,Cordelette,Female,1984-07-22,478-46-9959
834,Foster,Hanford,Male,1988-09-20,733-34-5319
835,Sean,Waddell,Female,2011-11-24,240-36-8673
836,Mickie,Fike,Female,1990-01-03,893-16-9762
837,Tobit,Skuce,Male,2017-06-18,501-73-8281
838,Margo,Ellwood,Female,2010-12-19,293-20-1019
839,Irma,Manlow,Female,1974-06-30,118-09-5321
840,Ame,Rudgerd,Female,2001-03-25,478-24-9874
841,Sloan,Diwell,Male,1959-05-20,214-15-6158
842,Miles,Huthart,Male,1958-05-26,366-01-3801
843,Luther,Grandham,Male,2009-04-20,511-56-3570
844,Ansell,Parkhouse,Male,1968-01-18,461-51-9543
845,Elke,Bernhart,Female,1966-11-16,154-04-3452
846,Emmaline,Bullers,Female,2001-10-04,472-87-9751
847,Tedman,Scholfield,Male,2007-06-17,119-55-5752
848,Kimmi,Kettle,,1986-09-09,153-47-9101
849,Sampson,Beaze,Male,1966-05-08,283-04-8508
850,Arlan,Carlisso,Male,2017-07-04,591-08-4722
851,Briana,Lambrechts,Female,1988-04-19,570-23-8438
852,Gerri,Rosedale,Male,1993-08-19,288-30-0958
853,Trude,Gittens,Female,1980-05-10,872-47-4207
854,Germaine,Iskow,Female,2007-06-05,347-50-6678
855,Caron,O'Dreain,,1954-01-29,471-44-9609
856,Ninette,Goulston,Female,2003-11-27,700-16-4150
857,Charles,Feetham,Male,1980-06-29,280-21-0630
858,Stefa,Nuton,Female,1990-07-19,729-50-9837
859,Randi,Storrock,Male,2012-06-22,414-75-1705
860,Lance,Linskey,Male,1996-08-10,874-32-5566
861,Bram,Upson,Male,1979-06-15,830-19-9340
862,Johny,Maycey,Male,2002-09-15,612-91-7452
863,Vina,Gascoyne,,2014-12-21,858-08-1366
864,Hasty,Kemitt,Male,1996-04-23,166-30-8215
865,Burk,Dobey,Male,1983-08-03,700-53-8781
866,Thia,Byrom,Female,1969-09-09,560-65-7327
867,Cal,Borrell,Female,2007-08-28,422-17-6578
868,Faun,MacRory,Female,2007-11-28,245-67-4586
869,Lydon,Itzchaky,Male,1961-06-24,286-60-6190
870,Harriette,Trulocke,,1978-09-18,413-84-8896
871,Harold,Stollmeier,Male,1962-04-03,793-10-1548
872,Isabeau,Haycock,Female,1952-07-02,524-05-6527
873,Ron,Kermit,Male,2016-12-06,705-06-2044
874,Peyton,Shovelin,Male,1977-06-25,803-22-7405
875,Bethany,Artinstall,Female,2009-11-01,106-92-1614
876,Barbey,Geraldi,Female,2000-02-05,647-25-2711
877,Happy,Caswell,Female,1981-06-09,780-42-7625
878,Barby,Krikorian,,2019-12-05,652-67-4888
879,Brandi,Rutherforth,,1993-10-20,718-91-9028
880,Arlee,Christoffersen,Female,1991-08-06,154-18-2026
881,Alexa,Otton,Female,2003-06-24,631-71-3980
882,Barnabe,Roy,Male,1992-02-27,857-95-6860
883,Yvonne,Brownlee,Female,2015-07-20,273-39-0073
884,Ethelind,Darracott,Female,1986-08-19,828-48-9179
885,Worth,Demicoli,Male,1970-06-21,483-47-8977
886,Welch,Ellaway,Male,1986-07-28,812-76-3482
887,Tatum,Stovin,Female,2001-06-13,431-53-6822
888,Almeda,Bodycomb,Female,1976-05-05,683-64-2434
889,Catrina,Coling,Female,1951-06-13,826-98-0522
890,Alice,Tarr,Female,1986-01-10,558-06-7868
891,Christie,Anyene,Female,1977-02-14,297-92-7255
892,Freddie,Fardy,Female,1956-02-26,116-99-4052
893,Salem,Elcomb,Male,1996-01-01,881-18-9173
894,Monica,Glasper,,1965-01-02,422-59-9296
895,Merle,Trimnell,Female,1963-05-07,211-20-5859
896,Karry,Janoschek,Female,2012-06-01,519-52-7200
897,Alasteir,Vant,Male,1951-10-25,274-08-6510
898,Giuditta,Mayhow,Female,1969-12-22,693-56-6584
899,Karola,Rouby,Female,2014-10-21,657-54-1740
900,Clevey,Ranahan,Male,1993-12-16,355-94-0533
901,Zebedee,Boutcher,Male,2001-07-25,806-74-1161
902,Maurizio,Georgiades,Male,1985-01-28,717-82-2313
903,Sibel,Lillicrap,Female,1980-10-25,523-24-8141
904,Bethina,Bitten,,1997-04-05,874-05-5011
905,Thorny,Fardy,Male,1963-03-29,350-23-4528
906,Joann,Livingston,,1953-12-03,752-28-7215
907,Neely,Bromidge,Female,1958-07-27,242-36-1836
908,Tim,Sainsbury,Male,1966-08-01,815-25-4330
909,Rodney,Benstead,Male,1967-05-09,377-82-1872
910,Camel,Ambrosoli,Female,2014-09-20,231-61-5004
911,Burt,Tavener,Male,1989-12-02,689-11-9467
912,Meggie,Tibbotts,Female,1975-01-16,706-25-7719
913,Nonah,Isaksson,Female,2003-03-19,288-57-7359
914,Pauly,Percival,,1980-02-19,795-93-0135
915,Kate,Petrie,Female,2007-07-31,582-97-3991
916,Loralie,Westgarth,,2016-12-16,726-65-5273
917,Broddy,MacPherson,Male,1972-05-04,221-82-8960
918,Findlay,Fleet,Male,1975-10-11,428-85-7238
919,Kaila,Urry,Female,2015-08-28,119-95-5507
920,Marj,Cobbing,Female,1966-08-20,352-63-4907
921,Hi,Nias,Male,1994-02-18,531-58-0017
922,Rachel,Leate,Female,2005-07-13,105-50-6374
923,Horatius,Bohlsen,Male,1982-08-21,187-99-0861
924,Catherine,Lentsch,Female,2005-02-16,585-13-5876
925,Amy,McKirton,Female,1957-06-14,614-79-0957
926,Pincas,Thickin,Male,2015-09-13,777-48-0871
927,Allister,Tallet,Male,1983-06-09,842-07-6392
928,Florencia,Gounard,Female,2005-11-16,457-29-0356
929,Grete,McIlvaney,Female,1988-04-03,207-85-0919
930,Maxy,Damp,,1952-03-03,447-62-3886
931,Vyky,McGannon,Female,1999-11-22,214-47-2143
932,Ivor,Tytterton,Male,1989-09-21,138-48-9824
933,Norina,Senussi,,1967-01-21,571-88-3449
934,Kaiser,Bailie,Male,2002-10-18,294-34-1075
935,Dory,Sterzaker,Male,1978-07-27,412-59-5205
936,Thorstein,Youens,Male,2006-01-20,106-78-2200
937,Erna,Paulitschke,Female,1985-08-11,107-20-9856
938,Franny,Rockliffe,Female,1994-12-22,840-47-9770
939,Germayne,Willmore,Male,2014-01-21,678-31-4966
940,Brooks,Morrow,Female,1951-10-29,510-71-2159
941,Stepha,Boast,Female,1995-07-09,110-86-4247
942,Webster,Reis,Male,1977-09-22,326-53-3412
943,Loella,Swansbury,Female,1965-05-29,360-94-9359
944,Salomon,Ferne,Male,1952-06-02,820-54-8577
945,Paddie,Gouldsmith,Male,2009-11-27,318-55-0683
946,Benoite,Charopen,Female,1998-01-18,391-97-8552
947,Cyrus,Rysdale,Male,1969-01-11,613-54-0785
948,Poppy,Barock,Female,2011-05-08,152-16-7861
949,Lenore,Brimblecombe,Female,2011-03-07,897-23-6553
950,Emili,Albro,Female,1960-06-11,678-83-6444
951,Felice,Matschke,Male,1981-01-29,214-71-1434
952,Kalinda,Inglefield,Female,1983-08-19,697-49-3785
953,Anallise,McGlone,Female,1951-01-14,227-74-9935
954,Lyn,Redmond,Male,2020-10-17,718-69-3794
955,Ian,Lasham,Male,2005-08-04,655-87-1173
956,Harmony,Jirusek,Female,1987-04-08,834-04-8698
957,Darnell,Doak,Male,1991-05-10,851-68-4950
958,Lewes,Fabbro,Male,1956-12-05,111-56-4893
959,Karney,Tapper,Male,2009-08-03,368-49-9093
960,Cole,Teresi,Male,2000-12-06,549-41-3580
961,Horatio,Lesek,Male,1950-11-14,474-16-5152
962,Darby,Doerr,,1974-10-06,505-40-2790
963,Ben,Boatwright,Male,1987-10-14,120-19-4854
964,Ryley,Bulle,Male,2000-04-13,549-32-8588
965,Skippie,Mee,Male,1968-09-24,805-92-5275
966,Elton,Saur,Male,2004-03-27,371-31-1230
967,Bertha,Fisby,,1997-12-30,829-84-5959
968,Burl,Moorrud,,1954-11-30,881-73-9565
969,Abrahan,Skuse,Male,2011-12-26,610-39-6863
970,Bettina,Wheal,Female,2018-01-08,555-73-6225
971,Abbey,Gainsford,,1996-11-18,421-33-8780
972,Trey,Mougeot,Male,1966-12-03,659-19-1383
973,Johnathan,Hulstrom,,1968-05-11,800-89-9006
974,Corty,Plumbe,Male,2011-03-02,257-97-9693
975,Salvatore,Favela,Male,1980-01-11,777-20-4359
976,Griswold,Jaquemar,Male,1964-12-05,530-31-0945
977,Friederike,Nana,Female,1983-05-21,801-05-8115
978,Darby,Zettoi,Male,1968-08-25,204-19-4236
979,Ferdy,Hornbuckle,Male,1992-03-20,626-36-5511
980,Bertha,Coldrick,Female,1952-02-26,676-50-9623
981,Wye,Banner,,1973-03-04,372-47-9582
982,Meredeth,Boutell,Male,1988-03-06,163-97-1559
983,Wendie,Possa,Female,1975-02-14,394-07-5466
984,Torrence,Hollow,Male,1975-01-11,743-47-9636
985,Cate,Duigan,,2012-07-12,398-29-1596
986,Bruis,Teasdale,Male,1966-10-09,213-63-9939
987,Niccolo,Swateridge,Male,1957-05-25,404-64-1962
988,Charlton,Huxtable,Male,2007-12-13,111-98-9840
989,Spenser,Gouldie,Male,2013-11-11,353-40-2886
990,Boigie,Phin,,1970-10-26,729-13-5038
991,Ashlie,Bassford,Female,2001-03-01,189-77-9966
992,Stearne,Wynett,,1966-08-08,837-51-0606
993,Karlis,Tetther,Male,1990-03-15,186-60-1384
994,Ciro,Godlip,Male,1967-05-25,463-93-3777
995,Donia,Blinkhorn,Female,1968-01-20,131-20-8381
996,Karen,Donaway,Female,2000-02-06,243-83-0627
997,Jakie,Dyment,Male,1999-01-23,119-61-2381
998,Kettie,Kleinbaum,Female,2007-05-31,811-62-8455
999,Rutledge,Whybrow,Male,1993-10-24,276-46-6932
1000,Aggi,Coots,Female,2000-08-09,690-51-7415
